{
  "1. Bölge": [
    {
      "ad": "KDV İstisnası",
      "aciklama": "Teşvik belgesi kapsamında yurt içinden ve yurt dışından temin edilecek yatırım malı makine ve teçhizat ile belge kapsamındaki yazılım ve gayri maddi hak satış ve kiralamaları için katma değer vergisinin ödenmemesi şeklinde uygulanır.",
      "deger": "VAR"
    },
    {
      "ad": "Gümrük Vergisi Muafiyeti",
      "aciklama": "Teşvik Belgesi kapsamında yurt dışından temin edilecek yatırım malı makine ve teçhizat için Yürürlükteki İthalat Rejimi Kararı gereğince uygulanması gereken gümrük vergisi oranının %0 olarak uygulanmasıdır.",
      "deger": "VAR"
    },
    {
      "ad": "Vergi İndirimi",
      "aciklama": "Gelir veya kurumlar vergisinin, yatırım için öngörülen katkı tutarına ulaşıncaya kadar, % 60 indirimli olarak uygulanmasıdır.",
      "deger": "% 60"
    },
    {
      "ad": "Yatırıma Katkı Oranı",
      "aciklama": "Toplam Faydalanılacak vergi indiriminin yatırıma olan oranını ifade eder.",
      "deger": "% 20"
    },
    {
      "ad": "Sigorta Primi İşveren Hissesi Desteği",
      "aciklama": "Teşvik belgesi kapsamı yatırımla sağlanan ilave istihdam için ödenmesi gereken sigorta primi işveren hissesinin asgari ücrete tekabül eden kısmının 6 ncı bölgede gerçekleştirilen yatırımlar için tamamı, diğer bölgelerde gerçekleştirilen yatırımlar için %50'sinin Bakanlıkça karşılanmasıdır.",
      "deger": "YOK"
    }
  ],
  "2. Bölge": [
    {
      "ad": "KDV İstisnası",
      "aciklama": "Teşvik belgesi kapsamında yurt içinden ve yurt dışından temin edilecek yatırım malı makine ve teçhizat ile belge kapsamındaki yazılım ve gayri maddi hak satış ve kiralamaları için katma değer vergisinin ödenmemesi şeklinde uygulanır.",
      "deger": "VAR"
    },
    {
      "ad": "Gümrük Vergisi Muafiyeti",
      "aciklama": "Teşvik Belgesi kapsamında yurt dışından temin edilecek yatırım malı makine ve teçhizat için Yürürlükteki İthalat Rejimi Kararı gereğince uygulanması gereken gümrük vergisi oranının %0 olarak uygulanmasıdır.",
      "deger": "VAR"
    },
    {
      "ad": "Vergi İndirimi",
      "aciklama": "Gelir veya kurumlar vergisinin, yatırım için öngörülen katkı tutarına ulaşıncaya kadar, % 60 indirimli olarak uygulanmasıdır.",
      "deger": "% 60"
    },
    {
      "ad": "Yatırıma Katkı Oranı",
      "aciklama": "Toplam Faydalanılacak vergi indiriminin yatırıma olan oranını ifade eder.",
      "deger": "% 20"
    },
    {
      "ad": "Sigorta Primi İşveren Hissesi Desteği",
      "aciklama": "Teşvik belgesi kapsamı yatırımla sağlanan ilave istihdam için ödenmesi gereken sigorta primi işveren hissesinin asgari ücrete tekabül eden kısmının 6 ncı bölgede gerçekleştirilen yatırımlar için tamamı, diğer bölgelerde gerçekleştirilen yatırımlar için %50'sinin Bakanlıkça karşılanmasıdır.",
      "deger": "1 YIL"
    }
  ],
  "3. Bölge": [
    {
      "ad": "KDV İstisnası",
      "aciklama": "Teşvik belgesi kapsamında yurt içinden ve yurt dışından temin edilecek yatırım malı makine ve teçhizat ile belge kapsamındaki yazılım ve gayri maddi hak satış ve kiralamaları için katma değer vergisinin ödenmemesi şeklinde uygulanır.",
      "deger": "VAR"
    },
    {
      "ad": "Gümrük Vergisi Muafiyeti",
      "aciklama": "Teşvik Belgesi kapsamında yurt dışından temin edilecek yatırım malı makine ve teçhizat için Yürürlükteki İthalat Rejimi Kararı gereğince uygulanması gereken gümrük vergisi oranının %0 olarak uygulanmasıdır.",
      "deger": "VAR"
    },
    {
      "ad": "Vergi İndirimi",
      "aciklama": "Gelir veya kurumlar vergisinin, yatırım için öngörülen katkı tutarına ulaşıncaya kadar, % 60 indirimli olarak uygulanmasıdır.",
      "deger": "% 60"
    },
    {
      "ad": "Yatırıma Katkı Oranı",
      "aciklama": "Toplam Faydalanılacak vergi indiriminin yatırıma olan oranını ifade eder.",
      "deger": "% 20"
    },
    {
      "ad": "Sigorta Primi İşveren Hissesi Desteği",
      "aciklama": "Teşvik belgesi kapsamı yatırımla sağlanan ilave istihdam için ödenmesi gereken sigorta primi işveren hissesinin asgari ücrete tekabül eden kısmının 6 ncı bölgede gerçekleştirilen yatırımlar için tamamı, diğer bölgelerde gerçekleştirilen yatırımlar için %50'sinin Bakanlıkça karşılanmasıdır.",
      "deger": "2 YIL"
    }
  ],
  "4. Bölge": [
    {
      "ad": "KDV İstisnası",
      "aciklama": "Teşvik belgesi kapsamında yurt içinden ve yurt dışından temin edilecek yatırım malı makine ve teçhizat ile belge kapsamındaki yazılım ve gayri maddi hak satış ve kiralamaları için katma değer vergisinin ödenmemesi şeklinde uygulanır.",
      "deger": "VAR"
    },
    {
      "ad": "Gümrük Vergisi Muafiyeti",
      "aciklama": "Teşvik Belgesi kapsamında yurt dışından temin edilecek yatırım malı makine ve teçhizat için Yürürlükteki İthalat Rejimi Kararı gereğince uygulanması gereken gümrük vergisi oranının %0 olarak uygulanmasıdır.",
      "deger": "VAR"
    },
    {
      "ad": "Vergi İndirimi",
      "aciklama": "Gelir veya kurumlar vergisinin, yatırım için öngörülen katkı tutarına ulaşıncaya kadar, % 60 indirimli olarak uygulanmasıdır.",
      "deger": "% 60"
    },
    {
      "ad": "Yatırıma Katkı Oranı",
      "aciklama": "Toplam Faydalanılacak vergi indiriminin yatırıma olan oranını ifade eder.",
      "deger": "% 20"
    },
    {
      "ad": "Sigorta Primi İşveren Hissesi Desteği",
      "aciklama": "Teşvik belgesi kapsamı yatırımla sağlanan ilave istihdam için ödenmesi gereken sigorta primi işveren hissesinin asgari ücrete tekabül eden kısmının 6 ncı bölgede gerçekleştirilen yatırımlar için tamamı, diğer bölgelerde gerçekleştirilen yatırımlar için %50'sinin Bakanlıkça karşılanmasıdır.",
      "deger": "4 YIL"
    },
    {
      "ad": "Faiz veya Kar Payı Desteği",
      "aciklama": "Teşvik belgesi kapsamında kullanılmak üzere en az bir yıl vadeli yatırım kredileri için ödenecek faiz veya kar payının belirli bir kısmının Bakanlıkça karşılanmasıdır.",
      "deger": "2 PUAN"
    }
  ],
  "5. Bölge": [
    {
      "ad": "KDV İstisnası",
      "aciklama": "Teşvik belgesi kapsamında yurt içinden ve yurt dışından temin edilecek yatırım malı makine ve teçhizat ile belge kapsamındaki yazılım ve gayri maddi hak satış ve kiralamaları için katma değer vergisinin ödenmemesi şeklinde uygulanır.",
      "deger": "VAR"
    },
    {
      "ad": "Gümrük Vergisi Muafiyeti",
      "aciklama": "Teşvik Belgesi kapsamında yurt dışından temin edilecek yatırım malı makine ve teçhizat için Yürürlükteki İthalat Rejimi Kararı gereğince uygulanması gereken gümrük vergisi oranının %0 olarak uygulanmasıdır.",
      "deger": "VAR"
    },
    {
      "ad": "Vergi İndirimi",
      "aciklama": "Gelir veya kurumlar vergisinin, yatırım için öngörülen katkı tutarına ulaşıncaya kadar, % 60 indirimli olarak uygulanmasıdır.",
      "deger": "% 60"
    },
    {
      "ad": "Yatırıma Katkı Oranı",
      "aciklama": "Toplam Faydalanılacak vergi indiriminin yatırıma olan oranını ifade eder.",
      "deger": "% 20"
    },
    {
      "ad": "Sigorta Primi İşveren Hissesi Desteği",
      "aciklama": "Teşvik belgesi kapsamı yatırımla sağlanan ilave istihdam için ödenmesi gereken sigorta primi işveren hissesinin asgari ücrete tekabül eden kısmının 6 ncı bölgede gerçekleştirilen yatırımlar için tamamı, diğer bölgelerde gerçekleştirilen yatırımlar için %50'sinin Bakanlıkça karşılanmasıdır.",
      "deger": "8 YIL"
    },
    {
      "ad": "Faiz veya Kar Payı Desteği",
      "aciklama": "Teşvik belgesi kapsamında kullanılmak üzere en az bir yıl vadeli yatırım kredileri için ödenecek faiz veya kar payının belirli bir kısmının Bakanlıkça karşılanmasıdır.",
      "deger": "4 PUAN"
    }
  ],
  "6. Bölge": [
    {
      "ad": "KDV İstisnası",
      "aciklama": "Teşvik belgesi kapsamında yurt içinden ve yurt dışından temin edilecek yatırım malı makine ve teçhizat ile belge kapsamındaki yazılım ve gayri maddi hak satış ve kiralamaları için katma değer vergisinin ödenmemesi şeklinde uygulanır.",
      "deger": "VAR"
    },
    {
      "ad": "Gümrük Vergisi Muafiyeti",
      "aciklama": "Teşvik Belgesi kapsamında yurt dışından temin edilecek yatırım malı makine ve teçhizat için Yürürlükteki İthalat Rejimi Kararı gereğince uygulanması gereken gümrük vergisi oranının %0 olarak uygulanmasıdır.",
      "deger": "VAR"
    },
    {
      "ad": "Vergi İndirimi",
      "aciklama": "Gelir veya kurumlar vergisinin, yatırım için öngörülen katkı tutarına ulaşıncaya kadar, % 60 indirimli olarak uygulanmasıdır.",
      "deger": "% 60"
    },
    {
      "ad": "Yatırıma Katkı Oranı",
      "aciklama": "Toplam Faydalanılacak vergi indiriminin yatırıma olan oranını ifade eder.",
      "deger": "% 30"
    },
    {
      "ad": "Sigorta Primi İşveren Hissesi Desteği",
      "aciklama": "Teşvik belgesi kapsamı yatırımla sağlanan ilave istihdam için ödenmesi gereken sigorta primi işveren hissesinin asgari ücrete tekabül eden kısmının 6 ncı bölgede gerçekleştirilen yatırımlar için tamamı, diğer bölgelerde gerçekleştirilen yatırımlar için %50'sinin Bakanlıkça karşılanmasıdır.",
      "deger": "12 YIL"
    },
    {
      "ad": "Faiz veya Kar Payı Desteği",
      "aciklama": "Teşvik belgesi kapsamında kullanılmak üzere en az bir yıl vadeli yatırım kredileri için ödenecek faiz veya kar payının belirli bir kısmının Bakanlıkça karşılanmasıdır.",
      "deger": "5 PUAN"
    }
  ]
}