[
  {
    "kod": "01.41.31"
  },
  {
    "kod": "01.42"
  },
  {
    "kod": "01.42.09"
  },
  {
    "kod": "01.45"
  },
  {
    "kod": "01.45.01"
  },
  {
    "kod": "01.47.01"
  },
  {
    "kod": "01.47.03"
  },
  {
    "kod": "03.2"
  },
  {
    "kod": "03.21"
  },
  {
    "kod": "03.21.01"
  },
  {
    "kod": "03.21.02"
  },
  {
    "kod": "03.22"
  },
  {
    "kod": "03.22.01"
  },
  {
    "kod": "03.22.02"
  },
  {
    "kod": "05"
  },
  {
    "kod": "05.1"
  },
  {
    "kod": "05.10"
  },
  {
    "kod": "05.10.01"
  },
  {
    "kod": "05.10.02"
  },
  {
    "kod": "05.2"
  },
  {
    "kod": "05.20"
  },
  {
    "kod": "05.20.01"
  },
  {
    "kod": "05.20.02"
  },
  {
    "kod": "06"
  },
  {
    "kod": "06.1"
  },
  {
    "kod": "06.10"
  },
  {
    "kod": "06.10.01"
  },
  {
    "kod": "06.2"
  },
  {
    "kod": "06.20"
  },
  {
    "kod": "06.20.01"
  },
  {
    "kod": "07"
  },
  {
    "kod": "07.1"
  },
  {
    "kod": "07.10"
  },
  {
    "kod": "07.10.01"
  },
  {
    "kod": "07.10.02"
  },
  {
    "kod": "07.2"
  },
  {
    "kod": "07.21"
  },
  {
    "kod": "07.21.01"
  },
  {
    "kod": "07.21.02"
  },
  {
    "kod": "07.21.03"
  },
  {
    "kod": "07.21.04"
  },
  {
    "kod": "07.21.05"
  },
  {
    "kod": "07.21.06"
  },
  {
    "kod": "07.29"
  },
  {
    "kod": "07.29.01"
  },
  {
    "kod": "07.29.02"
  },
  {
    "kod": "07.29.03"
  },
  {
    "kod": "07.29.04"
  },
  {
    "kod": "07.29.05"
  },
  {
    "kod": "07.29.06"
  },
  {
    "kod": "07.29.08"
  },
  {
    "kod": "07.29.99"
  },
  {
    "kod": "08"
  },
  {
    "kod": "08.1"
  },
  {
    "kod": "08.11"
  },
  {
    "kod": "08.11.01"
  },
  {
    "kod": "08.11.02"
  },
  {
    "kod": "08.11.03"
  },
  {
    "kod": "08.11.04"
  },
  {
    "kod": "08.11.05"
  },
  {
    "kod": "08.11.06"
  },
  {
    "kod": "08.11.07"
  },
  {
    "kod": "08.11.08"
  },
  {
    "kod": "08.12"
  },
  {
    "kod": "08.12.01"
  },
  {
    "kod": "08.12.02"
  },
  {
    "kod": "08.12.03"
  },
  {
    "kod": "08.12.04"
  },
  {
    "kod": "08.9"
  },
  {
    "kod": "08.91"
  },
  {
    "kod": "08.91.01"
  },
  {
    "kod": "08.91.02"
  },
  {
    "kod": "08.91.03"
  },
  {
    "kod": "08.91.04"
  },
  {
    "kod": "08.91.05"
  },
  {
    "kod": "08.91.06"
  },
  {
    "kod": "08.92"
  },
  {
    "kod": "08.92.01"
  },
  {
    "kod": "08.92.02"
  },
  {
    "kod": "08.93"
  },
  {
    "kod": "08.93.01"
  },
  {
    "kod": "08.93.02"
  },
  {
    "kod": "08.93.03"
  },
  {
    "kod": "08.99"
  },
  {
    "kod": "08.99.01"
  },
  {
    "kod": "08.99.02"
  },
  {
    "kod": "08.99.03"
  },
  {
    "kod": "08.99.04"
  },
  {
    "kod": "08.99.05"
  },
  {
    "kod": "08.99.06"
  },
  {
    "kod": "08.99.99"
  },
  {
    "kod": "09"
  },
  {
    "kod": "09.1"
  },
  {
    "kod": "09.10"
  },
  {
    "kod": "09.10.01"
  },
  {
    "kod": "09.10.02"
  },
  {
    "kod": "09.10.03"
  },
  {
    "kod": "09.9"
  },
  {
    "kod": "09.90"
  },
  {
    "kod": "09.90.01"
  },
  {
    "kod": "09.90.02"
  },
  {
    "kod": "10.1"
  },
  {
    "kod": "10.11"
  },
  {
    "kod": "10.11.01"
  },
  {
    "kod": "10.12.01"
  },
  {
    "kod": "10.12.02"
  },
  {
    "kod": "10.12.03"
  },
  {
    "kod": "10.13"
  },
  {
    "kod": "10.13.01"
  },
  {
    "kod": "10.13.02"
  },
  {
    "kod": "10.13.03"
  },
  {
    "kod": "10.13.04"
  },
  {
    "kod": "10.2"
  },
  {
    "kod": "10.20"
  },
  {
    "kod": "10.20.03"
  },
  {
    "kod": "10.20.04"
  },
  {
    "kod": "10.20.05"
  },
  {
    "kod": "10.20.07"
  },
  {
    "kod": "10.3"
  },
  {
    "kod": "10.31"
  },
  {
    "kod": "10.31.01"
  },
  {
    "kod": "10.31.02"
  },
  {
    "kod": "10.32"
  },
  {
    "kod": "10.32.01"
  },
  {
    "kod": "10.32.02"
  },
  {
    "kod": "10.39"
  },
  {
    "kod": "10.39.01"
  },
  {
    "kod": "10.39.02"
  },
  {
    "kod": "10.39.03"
  },
  {
    "kod": "10.39.04"
  },
  {
    "kod": "10.39.05"
  },
  {
    "kod": "10.39.06"
  },
  {
    "kod": "10.39.07"
  },
  {
    "kod": "10.39.99"
  },
  {
    "kod": "10.4"
  },
  {
    "kod": "10.41"
  },
  {
    "kod": "10.41.01"
  },
  {
    "kod": "10.41.02"
  },
  {
    "kod": "10.41.03"
  },
  {
    "kod": "10.41.05"
  },
  {
    "kod": "10.41.06"
  },
  {
    "kod": "10.41.07"
  },
  {
    "kod": "10.41.10"
  },
  {
    "kod": "10.42"
  },
  {
    "kod": "10.42.01"
  },
  {
    "kod": "10.5"
  },
  {
    "kod": "10.51"
  },
  {
    "kod": "10.51.01"
  },
  {
    "kod": "10.51.02"
  },
  {
    "kod": "10.51.03"
  },
  {
    "kod": "10.51.04"
  },
  {
    "kod": "10.51.90"
  },
  {
    "kod": "10.52"
  },
  {
    "kod": "10.52.01"
  },
  {
    "kod": "10.52.02"
  },
  {
    "kod": "10.61.01"
  },
  {
    "kod": "10.61.07"
  },
  {
    "kod": "10.61.90"
  },
  {
    "kod": "10.62.05"
  },
  {
    "kod": "10.62.06"
  },
  {
    "kod": "10.72"
  },
  {
    "kod": "10.72.01"
  },
  {
    "kod": "10.72.02"
  },
  {
    "kod": "10.72.03"
  },
  {
    "kod": "10.73"
  },
  {
    "kod": "10.73.03"
  },
  {
    "kod": "10.8"
  },
  {
    "kod": "10.81"
  },
  {
    "kod": "10.81.01"
  },
  {
    "kod": "10.81.03"
  },
  {
    "kod": "10.82"
  },
  {
    "kod": "10.82.01"
  },
  {
    "kod": "10.82.02"
  },
  {
    "kod": "10.82.03"
  },
  {
    "kod": "10.82.04"
  },
  {
    "kod": "10.82.05"
  },
  {
    "kod": "10.82.06"
  },
  {
    "kod": "10.82.07"
  },
  {
    "kod": "10.83"
  },
  {
    "kod": "10.83.01"
  },
  {
    "kod": "10.83.02"
  },
  {
    "kod": "10.83.03"
  },
  {
    "kod": "10.83.04"
  },
  {
    "kod": "10.84"
  },
  {
    "kod": "10.84.01"
  },
  {
    "kod": "10.84.02"
  },
  {
    "kod": "10.84.03"
  },
  {
    "kod": "10.84.05"
  },
  {
    "kod": "10.85"
  },
  {
    "kod": "10.85.01"
  },
  {
    "kod": "10.86"
  },
  {
    "kod": "10.86.04"
  },
  {
    "kod": "10.89"
  },
  {
    "kod": "10.89.02"
  },
  {
    "kod": "10.89.04"
  },
  {
    "kod": "10.89.05"
  },
  {
    "kod": "10.89.99"
  },
  {
    "kod": "10.92"
  },
  {
    "kod": "10.92.01"
  },
  {
    "kod": "11.01.03"
  },
  {
    "kod": "11.02"
  },
  {
    "kod": "11.02.01"
  },
  {
    "kod": "11.02.02"
  },
  {
    "kod": "11.03"
  },
  {
    "kod": "11.03.01"
  },
  {
    "kod": "11.04"
  },
  {
    "kod": "11.04.02"
  },
  {
    "kod": "11.07"
  },
  {
    "kod": "11.07.01"
  },
  {
    "kod": "11.07.03"
  },
  {
    "kod": "11.07.04"
  },
  {
    "kod": "11.07.90"
  },
  {
    "kod": "13"
  },
  {
    "kod": "13.1"
  },
  {
    "kod": "13.10"
  },
  {
    "kod": "13.10.03"
  },
  {
    "kod": "13.10.05"
  },
  {
    "kod": "13.10.06"
  },
  {
    "kod": "13.10.08"
  },
  {
    "kod": "13.10.09"
  },
  {
    "kod": "13.10.10"
  },
  {
    "kod": "13.10.12"
  },
  {
    "kod": "13.10.13"
  },
  {
    "kod": "13.10.14"
  },
  {
    "kod": "13.10.15"
  },
  {
    "kod": "13.2"
  },
  {
    "kod": "13.20"
  },
  {
    "kod": "13.20.14"
  },
  {
    "kod": "13.20.16"
  },
  {
    "kod": "13.20.17"
  },
  {
    "kod": "13.20.19"
  },
  {
    "kod": "13.20.20"
  },
  {
    "kod": "13.20.21"
  },
  {
    "kod": "13.20.22"
  },
  {
    "kod": "13.20.23"
  },
  {
    "kod": "13.3"
  },
  {
    "kod": "13.30"
  },
  {
    "kod": "13.30.01"
  },
  {
    "kod": "13.30.02"
  },
  {
    "kod": "13.30.03"
  },
  {
    "kod": "13.30.04"
  },
  {
    "kod": "13.30.05"
  },
  {
    "kod": "13.30.06"
  },
  {
    "kod": "13.9"
  },
  {
    "kod": "13.91"
  },
  {
    "kod": "13.91.01"
  },
  {
    "kod": "13.91.02"
  },
  {
    "kod": "13.92"
  },
  {
    "kod": "13.92.01"
  },
  {
    "kod": "13.92.02"
  },
  {
    "kod": "13.92.03"
  },
  {
    "kod": "13.92.04"
  },
  {
    "kod": "13.92.05"
  },
  {
    "kod": "13.92.06"
  },
  {
    "kod": "13.92.09"
  },
  {
    "kod": "13.92.11"
  },
  {
    "kod": "13.93"
  },
  {
    "kod": "13.93.01"
  },
  {
    "kod": "13.93.02"
  },
  {
    "kod": "13.94"
  },
  {
    "kod": "13.94.02"
  },
  {
    "kod": "13.94.03"
  },
  {
    "kod": "13.95"
  },
  {
    "kod": "13.95.01"
  },
  {
    "kod": "13.96"
  },
  {
    "kod": "13.96.01"
  },
  {
    "kod": "13.96.02"
  },
  {
    "kod": "13.96.03"
  },
  {
    "kod": "13.96.04"
  },
  {
    "kod": "13.96.05"
  },
  {
    "kod": "13.96.06"
  },
  {
    "kod": "13.96.07"
  },
  {
    "kod": "13.96.08"
  },
  {
    "kod": "13.96.09"
  },
  {
    "kod": "13.96.10"
  },
  {
    "kod": "13.96.11"
  },
  {
    "kod": "13.96.12"
  },
  {
    "kod": "13.99"
  },
  {
    "kod": "13.99.02"
  },
  {
    "kod": "13.99.03"
  },
  {
    "kod": "13.99.04"
  },
  {
    "kod": "13.99.06"
  },
  {
    "kod": "14"
  },
  {
    "kod": "14.1"
  },
  {
    "kod": "14.10"
  },
  {
    "kod": "14.10.01"
  },
  {
    "kod": "14.10.02"
  },
  {
    "kod": "14.10.03"
  },
  {
    "kod": "14.10.04"
  },
  {
    "kod": "14.10.05"
  },
  {
    "kod": "14.2"
  },
  {
    "kod": "14.21"
  },
  {
    "kod": "14.21.01"
  },
  {
    "kod": "14.21.02"
  },
  {
    "kod": "14.21.03"
  },
  {
    "kod": "14.21.04"
  },
  {
    "kod": "14.22"
  },
  {
    "kod": "14.22.01"
  },
  {
    "kod": "14.22.02"
  },
  {
    "kod": "14.22.03"
  },
  {
    "kod": "14.22.04"
  },
  {
    "kod": "14.23"
  },
  {
    "kod": "14.23.00"
  },
  {
    "kod": "14.24"
  },
  {
    "kod": "14.24.01"
  },
  {
    "kod": "14.24.02"
  },
  {
    "kod": "14.29"
  },
  {
    "kod": "14.29.01"
  },
  {
    "kod": "14.29.02"
  },
  {
    "kod": "14.29.03"
  },
  {
    "kod": "14.29.04"
  },
  {
    "kod": "14.29.05"
  },
  {
    "kod": "15"
  },
  {
    "kod": "15.1"
  },
  {
    "kod": "15.11"
  },
  {
    "kod": "15.11.10"
  },
  {
    "kod": "15.11.11"
  },
  {
    "kod": "15.11.13"
  },
  {
    "kod": "15.11.14"
  },
  {
    "kod": "15.12"
  },
  {
    "kod": "15.12.07"
  },
  {
    "kod": "15.12.08"
  },
  {
    "kod": "15.12.09"
  },
  {
    "kod": "15.12.10"
  },
  {
    "kod": "15.12.11"
  },
  {
    "kod": "15.12.99"
  },
  {
    "kod": "15.2"
  },
  {
    "kod": "15.20"
  },
  {
    "kod": "15.20.05"
  },
  {
    "kod": "15.20.06"
  },
  {
    "kod": "15.20.07"
  },
  {
    "kod": "15.20.15"
  },
  {
    "kod": "15.20.17"
  },
  {
    "kod": "15.20.18"
  },
  {
    "kod": "15.20.19"
  },
  {
    "kod": "16"
  },
  {
    "kod": "16.1"
  },
  {
    "kod": "16.11"
  },
  {
    "kod": "16.11.01"
  },
  {
    "kod": "16.11.02"
  },
  {
    "kod": "16.11.04"
  },
  {
    "kod": "16.12"
  },
  {
    "kod": "16.12.00"
  },
  {
    "kod": "16.2"
  },
  {
    "kod": "16.21"
  },
  {
    "kod": "16.21.01"
  },
  {
    "kod": "16.21.02"
  },
  {
    "kod": "16.22"
  },
  {
    "kod": "16.22.01"
  },
  {
    "kod": "16.23"
  },
  {
    "kod": "16.23.02"
  },
  {
    "kod": "16.23.99"
  },
  {
    "kod": "16.24"
  },
  {
    "kod": "16.24.02"
  },
  {
    "kod": "16.24.90"
  },
  {
    "kod": "16.25"
  },
  {
    "kod": "16.25.00"
  },
  {
    "kod": "16.26"
  },
  {
    "kod": "16.26.00"
  },
  {
    "kod": "16.27"
  },
  {
    "kod": "16.27.00"
  },
  {
    "kod": "16.28"
  },
  {
    "kod": "16.28.01"
  },
  {
    "kod": "16.28.02"
  },
  {
    "kod": "16.28.03"
  },
  {
    "kod": "16.28.04"
  },
  {
    "kod": "16.28.05"
  },
  {
    "kod": "16.28.06"
  },
  {
    "kod": "16.28.99"
  },
  {
    "kod": "17"
  },
  {
    "kod": "17.1"
  },
  {
    "kod": "17.11"
  },
  {
    "kod": "17.11.08"
  },
  {
    "kod": "17.12"
  },
  {
    "kod": "17.12.07"
  },
  {
    "kod": "17.2"
  },
  {
    "kod": "17.21"
  },
  {
    "kod": "17.21.10"
  },
  {
    "kod": "17.21.11"
  },
  {
    "kod": "17.21.12"
  },
  {
    "kod": "17.21.13"
  },
  {
    "kod": "17.22"
  },
  {
    "kod": "17.22.02"
  },
  {
    "kod": "17.22.03"
  },
  {
    "kod": "17.22.04"
  },
  {
    "kod": "17.23"
  },
  {
    "kod": "17.23.04"
  },
  {
    "kod": "17.23.06"
  },
  {
    "kod": "17.23.07"
  },
  {
    "kod": "17.23.08"
  },
  {
    "kod": "17.23.09"
  },
  {
    "kod": "17.24"
  },
  {
    "kod": "17.24.02"
  },
  {
    "kod": "17.24.03"
  },
  {
    "kod": "17.25"
  },
  {
    "kod": "17.25.01"
  },
  {
    "kod": "17.25.02"
  },
  {
    "kod": "17.25.03"
  },
  {
    "kod": "17.25.99"
  },
  {
    "kod": "18"
  },
  {
    "kod": "18.1"
  },
  {
    "kod": "18.11"
  },
  {
    "kod": "18.11.01"
  },
  {
    "kod": "18.12"
  },
  {
    "kod": "18.12.01"
  },
  {
    "kod": "18.12.02"
  },
  {
    "kod": "18.12.03"
  },
  {
    "kod": "18.12.04"
  },
  {
    "kod": "18.12.06"
  },
  {
    "kod": "18.12.07"
  },
  {
    "kod": "18.12.08"
  },
  {
    "kod": "18.12.99"
  },
  {
    "kod": "18.13"
  },
  {
    "kod": "18.13.01"
  },
  {
    "kod": "18.13.02"
  },
  {
    "kod": "18.14"
  },
  {
    "kod": "18.14.01"
  },
  {
    "kod": "18.2"
  },
  {
    "kod": "18.20"
  },
  {
    "kod": "18.20.02"
  },
  {
    "kod": "18.20.03"
  },
  {
    "kod": "19"
  },
  {
    "kod": "19.1"
  },
  {
    "kod": "19.10"
  },
  {
    "kod": "19.10.10"
  },
  {
    "kod": "19.10.11"
  },
  {
    "kod": "19.2"
  },
  {
    "kod": "19.20"
  },
  {
    "kod": "19.20.12"
  },
  {
    "kod": "19.20.15"
  },
  {
    "kod": "19.20.16"
  },
  {
    "kod": "19.20.17"
  },
  {
    "kod": "19.20.19"
  },
  {
    "kod": "20"
  },
  {
    "kod": "20.1"
  },
  {
    "kod": "20.11"
  },
  {
    "kod": "20.11.01"
  },
  {
    "kod": "20.12"
  },
  {
    "kod": "20.12.01"
  },
  {
    "kod": "20.12.02"
  },
  {
    "kod": "20.13"
  },
  {
    "kod": "20.13.02"
  },
  {
    "kod": "20.13.03"
  },
  {
    "kod": "20.13.04"
  },
  {
    "kod": "20.13.06"
  },
  {
    "kod": "20.13.90"
  },
  {
    "kod": "20.13.99"
  },
  {
    "kod": "20.14"
  },
  {
    "kod": "20.14.00"
  },
  {
    "kod": "20.15"
  },
  {
    "kod": "20.15.01"
  },
  {
    "kod": "20.15.02"
  },
  {
    "kod": "20.16"
  },
  {
    "kod": "20.16.01"
  },
  {
    "kod": "20.16.02"
  },
  {
    "kod": "20.16.03"
  },
  {
    "kod": "20.16.04"
  },
  {
    "kod": "20.16.05"
  },
  {
    "kod": "20.17"
  },
  {
    "kod": "20.17.01"
  },
  {
    "kod": "20.2"
  },
  {
    "kod": "20.20"
  },
  {
    "kod": "20.20.11"
  },
  {
    "kod": "20.20.13"
  },
  {
    "kod": "20.20.15"
  },
  {
    "kod": "20.20.16"
  },
  {
    "kod": "20.20.90"
  },
  {
    "kod": "20.3"
  },
  {
    "kod": "20.30"
  },
  {
    "kod": "20.30.11"
  },
  {
    "kod": "20.30.12"
  },
  {
    "kod": "20.30.14"
  },
  {
    "kod": "20.30.15"
  },
  {
    "kod": "20.30.16"
  },
  {
    "kod": "20.30.17"
  },
  {
    "kod": "20.30.90"
  },
  {
    "kod": "20.4"
  },
  {
    "kod": "20.41"
  },
  {
    "kod": "20.41.01"
  },
  {
    "kod": "20.41.03"
  },
  {
    "kod": "20.41.04"
  },
  {
    "kod": "20.41.06"
  },
  {
    "kod": "20.42"
  },
  {
    "kod": "20.42.01"
  },
  {
    "kod": "20.42.02"
  },
  {
    "kod": "20.42.03"
  },
  {
    "kod": "20.42.04"
  },
  {
    "kod": "20.5"
  },
  {
    "kod": "20.51"
  },
  {
    "kod": "20.51.24"
  },
  {
    "kod": "20.59"
  },
  {
    "kod": "20.59.01"
  },
  {
    "kod": "20.59.02"
  },
  {
    "kod": "20.59.03"
  },
  {
    "kod": "20.59.04"
  },
  {
    "kod": "20.59.05"
  },
  {
    "kod": "20.59.06"
  },
  {
    "kod": "20.59.07"
  },
  {
    "kod": "20.59.08"
  },
  {
    "kod": "20.59.09"
  },
  {
    "kod": "20.59.10"
  },
  {
    "kod": "20.59.11"
  },
  {
    "kod": "20.59.12"
  },
  {
    "kod": "20.59.15"
  },
  {
    "kod": "20.59.16"
  },
  {
    "kod": "20.59.17"
  },
  {
    "kod": "20.59.18"
  },
  {
    "kod": "20.59.19"
  },
  {
    "kod": "20.59.20"
  },
  {
    "kod": "20.59.99"
  },
  {
    "kod": "20.6"
  },
  {
    "kod": "20.60"
  },
  {
    "kod": "20.60.01"
  },
  {
    "kod": "20.60.02"
  },
  {
    "kod": "21"
  },
  {
    "kod": "21.1"
  },
  {
    "kod": "21.10"
  },
  {
    "kod": "21.10.01"
  },
  {
    "kod": "21.2"
  },
  {
    "kod": "21.20"
  },
  {
    "kod": "21.20.01"
  },
  {
    "kod": "21.20.02"
  },
  {
    "kod": "21.20.03"
  },
  {
    "kod": "21.20.90"
  },
  {
    "kod": "22"
  },
  {
    "kod": "22.1"
  },
  {
    "kod": "22.11"
  },
  {
    "kod": "22.11.17"
  },
  {
    "kod": "22.11.18"
  },
  {
    "kod": "22.12"
  },
  {
    "kod": "22.12.01"
  },
  {
    "kod": "22.12.02"
  },
  {
    "kod": "22.12.03"
  },
  {
    "kod": "22.12.04"
  },
  {
    "kod": "22.12.05"
  },
  {
    "kod": "22.12.06"
  },
  {
    "kod": "22.12.07"
  },
  {
    "kod": "22.12.08"
  },
  {
    "kod": "22.12.09"
  },
  {
    "kod": "22.12.10"
  },
  {
    "kod": "22.12.11"
  },
  {
    "kod": "22.2"
  },
  {
    "kod": "22.21"
  },
  {
    "kod": "22.21.03"
  },
  {
    "kod": "22.21.04"
  },
  {
    "kod": "22.22"
  },
  {
    "kod": "22.22.43"
  },
  {
    "kod": "22.23"
  },
  {
    "kod": "22.23.08"
  },
  {
    "kod": "22.24"
  },
  {
    "kod": "22.24.01"
  },
  {
    "kod": "22.24.02"
  },
  {
    "kod": "22.24.03"
  },
  {
    "kod": "22.24.04"
  },
  {
    "kod": "22.24.05"
  },
  {
    "kod": "22.24.99"
  },
  {
    "kod": "22.25"
  },
  {
    "kod": "22.25.00"
  },
  {
    "kod": "22.26"
  },
  {
    "kod": "22.26.01"
  },
  {
    "kod": "22.26.02"
  },
  {
    "kod": "22.26.03"
  },
  {
    "kod": "22.26.04"
  },
  {
    "kod": "22.26.05"
  },
  {
    "kod": "22.26.06"
  },
  {
    "kod": "22.26.99"
  },
  {
    "kod": "23"
  },
  {
    "kod": "23.1"
  },
  {
    "kod": "23.11"
  },
  {
    "kod": "23.11.01"
  },
  {
    "kod": "23.12"
  },
  {
    "kod": "23.12.01"
  },
  {
    "kod": "23.12.02"
  },
  {
    "kod": "23.12.04"
  },
  {
    "kod": "23.13"
  },
  {
    "kod": "23.13.01"
  },
  {
    "kod": "23.13.02"
  },
  {
    "kod": "23.14"
  },
  {
    "kod": "23.14.01"
  },
  {
    "kod": "23.15"
  },
  {
    "kod": "23.15.01"
  },
  {
    "kod": "23.15.02"
  },
  {
    "kod": "23.15.03"
  },
  {
    "kod": "23.15.04"
  },
  {
    "kod": "23.15.05"
  },
  {
    "kod": "23.15.06"
  },
  {
    "kod": "23.15.07"
  },
  {
    "kod": "23.15.08"
  },
  {
    "kod": "23.15.99"
  },
  {
    "kod": "23.2"
  },
  {
    "kod": "23.20"
  },
  {
    "kod": "23.20.16"
  },
  {
    "kod": "23.20.17"
  },
  {
    "kod": "23.20.19"
  },
  {
    "kod": "23.20.20"
  },
  {
    "kod": "23.3"
  },
  {
    "kod": "23.31"
  },
  {
    "kod": "23.31.01"
  },
  {
    "kod": "23.4"
  },
  {
    "kod": "23.41"
  },
  {
    "kod": "23.41.01"
  },
  {
    "kod": "23.41.02"
  },
  {
    "kod": "23.41.03"
  },
  {
    "kod": "23.41.04"
  },
  {
    "kod": "23.42"
  },
  {
    "kod": "23.42.01"
  },
  {
    "kod": "23.43"
  },
  {
    "kod": "23.43.01"
  },
  {
    "kod": "23.44"
  },
  {
    "kod": "23.44.01"
  },
  {
    "kod": "23.45"
  },
  {
    "kod": "23.45.01"
  },
  {
    "kod": "23.45.99"
  },
  {
    "kod": "23.9"
  },
  {
    "kod": "23.91"
  },
  {
    "kod": "23.91.01"
  },
  {
    "kod": "23.91.02"
  },
  {
    "kod": "23.99"
  },
  {
    "kod": "23.99.01"
  },
  {
    "kod": "23.99.02"
  },
  {
    "kod": "23.99.03"
  },
  {
    "kod": "23.99.07"
  },
  {
    "kod": "23.99.09"
  },
  {
    "kod": "23.99.99"
  },
  {
    "kod": "24.10.05"
  },
  {
    "kod": "24.10.08"
  },
  {
    "kod": "24.10.12"
  },
  {
    "kod": "24.4"
  },
  {
    "kod": "24.41"
  },
  {
    "kod": "24.41.16"
  },
  {
    "kod": "24.41.17"
  },
  {
    "kod": "24.41.18"
  },
  {
    "kod": "24.41.19"
  },
  {
    "kod": "24.42"
  },
  {
    "kod": "24.42.16"
  },
  {
    "kod": "24.42.17"
  },
  {
    "kod": "24.42.18"
  },
  {
    "kod": "24.42.20"
  },
  {
    "kod": "24.42.21"
  },
  {
    "kod": "24.43"
  },
  {
    "kod": "24.43.01"
  },
  {
    "kod": "24.43.02"
  },
  {
    "kod": "24.43.04"
  },
  {
    "kod": "24.43.05"
  },
  {
    "kod": "24.43.06"
  },
  {
    "kod": "24.43.07"
  },
  {
    "kod": "24.43.08"
  },
  {
    "kod": "24.44"
  },
  {
    "kod": "24.44.01"
  },
  {
    "kod": "24.44.03"
  },
  {
    "kod": "24.44.04"
  },
  {
    "kod": "24.45"
  },
  {
    "kod": "24.45.01"
  },
  {
    "kod": "24.45.02"
  },
  {
    "kod": "24.45.06"
  },
  {
    "kod": "24.46"
  },
  {
    "kod": "24.46.00"
  },
  {
    "kod": "24.5"
  },
  {
    "kod": "24.51"
  },
  {
    "kod": "24.51.13"
  },
  {
    "kod": "24.52"
  },
  {
    "kod": "24.52.20"
  },
  {
    "kod": "24.53"
  },
  {
    "kod": "24.53.01"
  },
  {
    "kod": "24.54"
  },
  {
    "kod": "24.54.02"
  },
  {
    "kod": "24.54.90"
  },
  {
    "kod": "25"
  },
  {
    "kod": "25.1"
  },
  {
    "kod": "25.11"
  },
  {
    "kod": "25.11.06"
  },
  {
    "kod": "25.11.07"
  },
  {
    "kod": "25.11.08"
  },
  {
    "kod": "25.12"
  },
  {
    "kod": "25.12.04"
  },
  {
    "kod": "25.12.05"
  },
  {
    "kod": "25.12.06"
  },
  {
    "kod": "25.2"
  },
  {
    "kod": "25.21"
  },
  {
    "kod": "25.21.10"
  },
  {
    "kod": "25.21.11"
  },
  {
    "kod": "25.21.12"
  },
  {
    "kod": "25.21.13"
  },
  {
    "kod": "25.21.14"
  },
  {
    "kod": "25.22"
  },
  {
    "kod": "25.22.01"
  },
  {
    "kod": "25.22.02"
  },
  {
    "kod": "25.3"
  },
  {
    "kod": "25.30"
  },
  {
    "kod": "25.30.03"
  },
  {
    "kod": "25.30.04"
  },
  {
    "kod": "25.30.05"
  },
  {
    "kod": "25.4"
  },
  {
    "kod": "25.40"
  },
  {
    "kod": "25.40.04"
  },
  {
    "kod": "25.40.05"
  },
  {
    "kod": "25.5"
  },
  {
    "kod": "25.51"
  },
  {
    "kod": "25.51.01"
  },
  {
    "kod": "25.51.02"
  },
  {
    "kod": "25.51.09"
  },
  {
    "kod": "25.52"
  },
  {
    "kod": "25.52.00"
  },
  {
    "kod": "25.53"
  },
  {
    "kod": "25.53.01"
  },
  {
    "kod": "25.53.02"
  },
  {
    "kod": "25.53.03"
  },
  {
    "kod": "25.6"
  },
  {
    "kod": "25.61"
  },
  {
    "kod": "25.61.04"
  },
  {
    "kod": "25.61.05"
  },
  {
    "kod": "25.61.06"
  },
  {
    "kod": "25.61.07"
  },
  {
    "kod": "25.61.08"
  },
  {
    "kod": "25.62"
  },
  {
    "kod": "25.62.04"
  },
  {
    "kod": "25.63"
  },
  {
    "kod": "25.63.01"
  },
  {
    "kod": "25.63.02"
  },
  {
    "kod": "25.63.03"
  },
  {
    "kod": "25.63.04"
  },
  {
    "kod": "25.9"
  },
  {
    "kod": "25.91"
  },
  {
    "kod": "25.91.01"
  },
  {
    "kod": "25.92"
  },
  {
    "kod": "25.92.01"
  },
  {
    "kod": "25.92.02"
  },
  {
    "kod": "25.92.03"
  },
  {
    "kod": "25.93"
  },
  {
    "kod": "25.93.01"
  },
  {
    "kod": "25.93.02"
  },
  {
    "kod": "25.93.03"
  },
  {
    "kod": "25.94"
  },
  {
    "kod": "25.94.01"
  },
  {
    "kod": "25.94.02"
  },
  {
    "kod": "25.99"
  },
  {
    "kod": "25.99.01"
  },
  {
    "kod": "25.99.02"
  },
  {
    "kod": "25.99.03"
  },
  {
    "kod": "25.99.04"
  },
  {
    "kod": "25.99.05"
  },
  {
    "kod": "25.99.06"
  },
  {
    "kod": "25.99.08"
  },
  {
    "kod": "25.99.12"
  },
  {
    "kod": "25.99.13"
  },
  {
    "kod": "25.99.14"
  },
  {
    "kod": "25.99.15"
  },
  {
    "kod": "25.99.18"
  },
  {
    "kod": "25.99.21"
  },
  {
    "kod": "25.99.99"
  },
  {
    "kod": "26"
  },
  {
    "kod": "26.1"
  },
  {
    "kod": "26.11"
  },
  {
    "kod": "26.11.04"
  },
  {
    "kod": "26.11.05"
  },
  {
    "kod": "26.11.06"
  },
  {
    "kod": "26.11.99"
  },
  {
    "kod": "26.12"
  },
  {
    "kod": "26.12.01"
  },
  {
    "kod": "26.2"
  },
  {
    "kod": "26.20"
  },
  {
    "kod": "26.20.01"
  },
  {
    "kod": "26.3"
  },
  {
    "kod": "26.30"
  },
  {
    "kod": "26.30.02"
  },
  {
    "kod": "26.30.03"
  },
  {
    "kod": "26.30.05"
  },
  {
    "kod": "26.30.06"
  },
  {
    "kod": "26.30.08"
  },
  {
    "kod": "26.30.09"
  },
  {
    "kod": "26.30.10"
  },
  {
    "kod": "26.30.99"
  },
  {
    "kod": "26.4"
  },
  {
    "kod": "26.40"
  },
  {
    "kod": "26.40.08"
  },
  {
    "kod": "26.40.09"
  },
  {
    "kod": "26.40.10"
  },
  {
    "kod": "26.40.11"
  },
  {
    "kod": "26.40.12"
  },
  {
    "kod": "26.40.99"
  },
  {
    "kod": "26.5"
  },
  {
    "kod": "26.51"
  },
  {
    "kod": "26.51.01"
  },
  {
    "kod": "26.51.02"
  },
  {
    "kod": "26.51.03"
  },
  {
    "kod": "26.51.04"
  },
  {
    "kod": "26.51.05"
  },
  {
    "kod": "26.51.06"
  },
  {
    "kod": "26.51.07"
  },
  {
    "kod": "26.51.08"
  },
  {
    "kod": "26.51.09"
  },
  {
    "kod": "26.51.10"
  },
  {
    "kod": "26.51.11"
  },
  {
    "kod": "26.51.12"
  },
  {
    "kod": "26.51.13"
  },
  {
    "kod": "26.51.14"
  },
  {
    "kod": "26.51.15"
  },
  {
    "kod": "26.51.99"
  },
  {
    "kod": "26.52"
  },
  {
    "kod": "26.52.03"
  },
  {
    "kod": "26.52.04"
  },
  {
    "kod": "26.6"
  },
  {
    "kod": "26.60"
  },
  {
    "kod": "26.60.01"
  },
  {
    "kod": "26.7"
  },
  {
    "kod": "26.70"
  },
  {
    "kod": "26.70.11"
  },
  {
    "kod": "26.70.12"
  },
  {
    "kod": "26.70.13"
  },
  {
    "kod": "26.70.16"
  },
  {
    "kod": "26.70.19"
  },
  {
    "kod": "26.70.20"
  },
  {
    "kod": "26.70.21"
  },
  {
    "kod": "26.70.22"
  },
  {
    "kod": "26.70.99"
  },
  {
    "kod": "27"
  },
  {
    "kod": "27.1"
  },
  {
    "kod": "27.11"
  },
  {
    "kod": "27.11.01"
  },
  {
    "kod": "27.11.03"
  },
  {
    "kod": "27.12"
  },
  {
    "kod": "27.12.01"
  },
  {
    "kod": "27.12.02"
  },
  {
    "kod": "27.2"
  },
  {
    "kod": "27.20"
  },
  {
    "kod": "27.20.01"
  },
  {
    "kod": "27.20.02"
  },
  {
    "kod": "27.20.03"
  },
  {
    "kod": "27.20.04"
  },
  {
    "kod": "27.20.05"
  },
  {
    "kod": "27.3"
  },
  {
    "kod": "27.31"
  },
  {
    "kod": "27.31.04"
  },
  {
    "kod": "27.32"
  },
  {
    "kod": "27.32.03"
  },
  {
    "kod": "27.33"
  },
  {
    "kod": "27.33.00"
  },
  {
    "kod": "27.4"
  },
  {
    "kod": "27.40"
  },
  {
    "kod": "27.40.01"
  },
  {
    "kod": "27.40.02"
  },
  {
    "kod": "27.40.03"
  },
  {
    "kod": "27.40.04"
  },
  {
    "kod": "27.40.05"
  },
  {
    "kod": "27.40.06"
  },
  {
    "kod": "27.40.99"
  },
  {
    "kod": "27.5"
  },
  {
    "kod": "27.51"
  },
  {
    "kod": "27.51.02"
  },
  {
    "kod": "27.51.03"
  },
  {
    "kod": "27.51.04"
  },
  {
    "kod": "27.51.05"
  },
  {
    "kod": "27.51.06"
  },
  {
    "kod": "27.51.07"
  },
  {
    "kod": "27.51.08"
  },
  {
    "kod": "27.51.99"
  },
  {
    "kod": "27.52"
  },
  {
    "kod": "27.52.02"
  },
  {
    "kod": "27.52.05"
  },
  {
    "kod": "27.52.06"
  },
  {
    "kod": "27.9"
  },
  {
    "kod": "27.90"
  },
  {
    "kod": "27.90.01"
  },
  {
    "kod": "27.90.03"
  },
  {
    "kod": "27.90.04"
  },
  {
    "kod": "27.90.05"
  },
  {
    "kod": "27.90.06"
  },
  {
    "kod": "27.90.99"
  },
  {
    "kod": "28"
  },
  {
    "kod": "28.1"
  },
  {
    "kod": "28.11"
  },
  {
    "kod": "28.11.08"
  },
  {
    "kod": "28.11.09"
  },
  {
    "kod": "28.11.10"
  },
  {
    "kod": "28.12"
  },
  {
    "kod": "28.12.05"
  },
  {
    "kod": "28.13"
  },
  {
    "kod": "28.13.01"
  },
  {
    "kod": "28.13.02"
  },
  {
    "kod": "28.13.03"
  },
  {
    "kod": "28.13.04"
  },
  {
    "kod": "28.14"
  },
  {
    "kod": "28.14.01"
  },
  {
    "kod": "28.14.02"
  },
  {
    "kod": "28.15"
  },
  {
    "kod": "28.15.01"
  },
  {
    "kod": "28.15.02"
  },
  {
    "kod": "28.15.03"
  },
  {
    "kod": "28.15.04"
  },
  {
    "kod": "28.2"
  },
  {
    "kod": "28.21"
  },
  {
    "kod": "28.21.07"
  },
  {
    "kod": "28.21.10"
  },
  {
    "kod": "28.21.99"
  },
  {
    "kod": "28.22"
  },
  {
    "kod": "28.22.10"
  },
  {
    "kod": "28.22.11"
  },
  {
    "kod": "28.22.12"
  },
  {
    "kod": "28.22.90"
  },
  {
    "kod": "28.23"
  },
  {
    "kod": "28.23.00"
  },
  {
    "kod": "28.23.90"
  },
  {
    "kod": "28.24"
  },
  {
    "kod": "28.24.01"
  },
  {
    "kod": "28.25"
  },
  {
    "kod": "28.25.01"
  },
  {
    "kod": "28.25.02"
  },
  {
    "kod": "28.25.03"
  },
  {
    "kod": "28.25.04"
  },
  {
    "kod": "28.29"
  },
  {
    "kod": "28.29.04"
  },
  {
    "kod": "28.29.05"
  },
  {
    "kod": "28.29.07"
  },
  {
    "kod": "28.29.08"
  },
  {
    "kod": "28.29.10"
  },
  {
    "kod": "28.29.18"
  },
  {
    "kod": "28.29.90"
  },
  {
    "kod": "28.3"
  },
  {
    "kod": "28.30"
  },
  {
    "kod": "28.30.08"
  },
  {
    "kod": "28.30.09"
  },
  {
    "kod": "28.30.10"
  },
  {
    "kod": "28.30.11"
  },
  {
    "kod": "28.30.12"
  },
  {
    "kod": "28.30.13"
  },
  {
    "kod": "28.30.14"
  },
  {
    "kod": "28.30.15"
  },
  {
    "kod": "28.30.16"
  },
  {
    "kod": "28.30.90"
  },
  {
    "kod": "28.4"
  },
  {
    "kod": "28.41"
  },
  {
    "kod": "28.41.01"
  },
  {
    "kod": "28.41.03"
  },
  {
    "kod": "28.41.07"
  },
  {
    "kod": "28.41.90"
  },
  {
    "kod": "28.42"
  },
  {
    "kod": "28.42.01"
  },
  {
    "kod": "28.42.02"
  },
  {
    "kod": "28.42.03"
  },
  {
    "kod": "28.42.99"
  },
  {
    "kod": "28.9"
  },
  {
    "kod": "28.91"
  },
  {
    "kod": "28.91.01"
  },
  {
    "kod": "28.91.02"
  },
  {
    "kod": "28.92"
  },
  {
    "kod": "28.92.01"
  },
  {
    "kod": "28.92.02"
  },
  {
    "kod": "28.92.03"
  },
  {
    "kod": "28.92.05"
  },
  {
    "kod": "28.92.06"
  },
  {
    "kod": "28.92.08"
  },
  {
    "kod": "28.92.09"
  },
  {
    "kod": "28.92.10"
  },
  {
    "kod": "28.92.11"
  },
  {
    "kod": "28.93"
  },
  {
    "kod": "28.93.02"
  },
  {
    "kod": "28.93.03"
  },
  {
    "kod": "28.93.04"
  },
  {
    "kod": "28.93.06"
  },
  {
    "kod": "28.93.07"
  },
  {
    "kod": "28.93.08"
  },
  {
    "kod": "28.93.09"
  },
  {
    "kod": "28.93.10"
  },
  {
    "kod": "28.93.99"
  },
  {
    "kod": "28.94"
  },
  {
    "kod": "28.94.01"
  },
  {
    "kod": "28.94.02"
  },
  {
    "kod": "28.94.03"
  },
  {
    "kod": "28.94.04"
  },
  {
    "kod": "28.94.05"
  },
  {
    "kod": "28.94.06"
  },
  {
    "kod": "28.94.07"
  },
  {
    "kod": "28.94.08"
  },
  {
    "kod": "28.94.09"
  },
  {
    "kod": "28.95"
  },
  {
    "kod": "28.95.01"
  },
  {
    "kod": "28.96"
  },
  {
    "kod": "28.96.01"
  },
  {
    "kod": "28.97"
  },
  {
    "kod": "28.97.00"
  },
  {
    "kod": "28.99"
  },
  {
    "kod": "28.99.01"
  },
  {
    "kod": "28.99.02"
  },
  {
    "kod": "28.99.04"
  },
  {
    "kod": "28.99.05"
  },
  {
    "kod": "28.99.06"
  },
  {
    "kod": "28.99.07"
  },
  {
    "kod": "28.99.08"
  },
  {
    "kod": "28.99.09"
  },
  {
    "kod": "28.99.10"
  },
  {
    "kod": "28.99.11"
  },
  {
    "kod": "28.99.12"
  },
  {
    "kod": "28.99.99"
  },
  {
    "kod": "29"
  },
  {
    "kod": "29.1"
  },
  {
    "kod": "29.10"
  },
  {
    "kod": "29.10.01"
  },
  {
    "kod": "29.10.02"
  },
  {
    "kod": "29.10.03"
  },
  {
    "kod": "29.10.04"
  },
  {
    "kod": "29.10.05"
  },
  {
    "kod": "29.10.07"
  },
  {
    "kod": "29.10.08"
  },
  {
    "kod": "29.2"
  },
  {
    "kod": "29.20"
  },
  {
    "kod": "29.20.01"
  },
  {
    "kod": "29.20.02"
  },
  {
    "kod": "29.20.03"
  },
  {
    "kod": "29.20.04"
  },
  {
    "kod": "29.20.05"
  },
  {
    "kod": "29.3"
  },
  {
    "kod": "29.31"
  },
  {
    "kod": "29.31.04"
  },
  {
    "kod": "29.31.05"
  },
  {
    "kod": "29.31.90"
  },
  {
    "kod": "29.32"
  },
  {
    "kod": "29.32.20"
  },
  {
    "kod": "29.32.21"
  },
  {
    "kod": "29.32.22"
  },
  {
    "kod": "29.32.23"
  },
  {
    "kod": "29.32.24"
  },
  {
    "kod": "30"
  },
  {
    "kod": "30.1"
  },
  {
    "kod": "30.11"
  },
  {
    "kod": "30.11.01"
  },
  {
    "kod": "30.11.02"
  },
  {
    "kod": "30.11.04"
  },
  {
    "kod": "30.11.05"
  },
  {
    "kod": "30.11.06"
  },
  {
    "kod": "30.11.07"
  },
  {
    "kod": "30.11.08"
  },
  {
    "kod": "30.12"
  },
  {
    "kod": "30.12.01"
  },
  {
    "kod": "30.12.03"
  },
  {
    "kod": "30.12.04"
  },
  {
    "kod": "30.13"
  },
  {
    "kod": "30.13.00"
  },
  {
    "kod": "30.2"
  },
  {
    "kod": "30.20"
  },
  {
    "kod": "30.20.01"
  },
  {
    "kod": "30.20.02"
  },
  {
    "kod": "30.20.03"
  },
  {
    "kod": "30.20.04"
  },
  {
    "kod": "30.20.05"
  },
  {
    "kod": "30.3"
  },
  {
    "kod": "30.31"
  },
  {
    "kod": "30.31.01"
  },
  {
    "kod": "30.31.02"
  },
  {
    "kod": "30.31.03"
  },
  {
    "kod": "30.31.04"
  },
  {
    "kod": "30.31.05"
  },
  {
    "kod": "30.31.06"
  },
  {
    "kod": "30.31.07"
  },
  {
    "kod": "30.32"
  },
  {
    "kod": "30.32.00"
  },
  {
    "kod": "30.4"
  },
  {
    "kod": "30.40"
  },
  {
    "kod": "30.40.01"
  },
  {
    "kod": "30.9"
  },
  {
    "kod": "30.91"
  },
  {
    "kod": "30.91.01"
  },
  {
    "kod": "30.91.02"
  },
  {
    "kod": "30.91.03"
  },
  {
    "kod": "30.92"
  },
  {
    "kod": "30.92.01"
  },
  {
    "kod": "30.92.02"
  },
  {
    "kod": "30.92.03"
  },
  {
    "kod": "30.92.04"
  },
  {
    "kod": "30.92.05"
  },
  {
    "kod": "30.99"
  },
  {
    "kod": "30.99.01"
  },
  {
    "kod": "30.99.99"
  },
  {
    "kod": "31"
  },
  {
    "kod": "31.0"
  },
  {
    "kod": "31.00"
  },
  {
    "kod": "31.00.01"
  },
  {
    "kod": "31.00.02"
  },
  {
    "kod": "31.00.03"
  },
  {
    "kod": "31.00.04"
  },
  {
    "kod": "31.00.05"
  },
  {
    "kod": "31.00.07"
  },
  {
    "kod": "31.00.08"
  },
  {
    "kod": "31.00.90"
  },
  {
    "kod": "32"
  },
  {
    "kod": "32.1"
  },
  {
    "kod": "32.11"
  },
  {
    "kod": "32.11.01"
  },
  {
    "kod": "32.12"
  },
  {
    "kod": "32.12.01"
  },
  {
    "kod": "32.12.04"
  },
  {
    "kod": "32.12.90"
  },
  {
    "kod": "32.13"
  },
  {
    "kod": "32.13.01"
  },
  {
    "kod": "32.2"
  },
  {
    "kod": "32.20"
  },
  {
    "kod": "32.20.21"
  },
  {
    "kod": "32.20.23"
  },
  {
    "kod": "32.20.24"
  },
  {
    "kod": "32.20.25"
  },
  {
    "kod": "32.20.26"
  },
  {
    "kod": "32.20.27"
  },
  {
    "kod": "32.20.28"
  },
  {
    "kod": "32.20.90"
  },
  {
    "kod": "32.20.99"
  },
  {
    "kod": "32.3"
  },
  {
    "kod": "32.30"
  },
  {
    "kod": "32.30.17"
  },
  {
    "kod": "32.30.18"
  },
  {
    "kod": "32.30.19"
  },
  {
    "kod": "32.30.20"
  },
  {
    "kod": "32.30.21"
  },
  {
    "kod": "32.4"
  },
  {
    "kod": "32.40"
  },
  {
    "kod": "32.40.02"
  },
  {
    "kod": "32.40.03"
  },
  {
    "kod": "32.40.04"
  },
  {
    "kod": "32.40.05"
  },
  {
    "kod": "32.40.06"
  },
  {
    "kod": "32.40.09"
  },
  {
    "kod": "32.40.10"
  },
  {
    "kod": "32.40.99"
  },
  {
    "kod": "32.5"
  },
  {
    "kod": "32.50"
  },
  {
    "kod": "32.50.02"
  },
  {
    "kod": "32.50.03"
  },
  {
    "kod": "32.50.04"
  },
  {
    "kod": "32.50.05"
  },
  {
    "kod": "32.50.06"
  },
  {
    "kod": "32.50.07"
  },
  {
    "kod": "32.50.14"
  },
  {
    "kod": "32.50.15"
  },
  {
    "kod": "32.50.90"
  },
  {
    "kod": "32.9"
  },
  {
    "kod": "32.91"
  },
  {
    "kod": "32.91.01"
  },
  {
    "kod": "32.91.02"
  },
  {
    "kod": "32.91.03"
  },
  {
    "kod": "32.91.99"
  },
  {
    "kod": "32.99"
  },
  {
    "kod": "32.99.01"
  },
  {
    "kod": "32.99.02"
  },
  {
    "kod": "32.99.03"
  },
  {
    "kod": "32.99.04"
  },
  {
    "kod": "32.99.05"
  },
  {
    "kod": "32.99.06"
  },
  {
    "kod": "32.99.07"
  },
  {
    "kod": "32.99.08"
  },
  {
    "kod": "32.99.09"
  },
  {
    "kod": "32.99.10"
  },
  {
    "kod": "32.99.11"
  },
  {
    "kod": "32.99.13"
  },
  {
    "kod": "32.99.15"
  },
  {
    "kod": "32.99.16"
  },
  {
    "kod": "32.99.17"
  },
  {
    "kod": "33.16"
  },
  {
    "kod": "33.16.01"
  },
  {
    "kod": "33.17"
  },
  {
    "kod": "33.17.01"
  },
  {
    "kod": "35"
  },
  {
    "kod": "35.1"
  },
  {
    "kod": "35.11"
  },
  {
    "kod": "35.11.00"
  },
  {
    "kod": "35.12"
  },
  {
    "kod": "35.12.00"
  },
  {
    "kod": "35.14.06"
  },
  {
    "kod": "35.15"
  },
  {
    "kod": "35.15.01"
  },
  {
    "kod": "35.16"
  },
  {
    "kod": "35.16.00"
  },
  {
    "kod": "35.22"
  },
  {
    "kod": "35.22.01"
  },
  {
    "kod": "35.22.02"
  },
  {
    "kod": "35.23"
  },
  {
    "kod": "35.24"
  },
  {
    "kod": "35.24.00"
  },
  {
    "kod": "38"
  },
  {
    "kod": "38.1"
  },
  {
    "kod": "38.11"
  },
  {
    "kod": "38.11.01"
  },
  {
    "kod": "38.11.02"
  },
  {
    "kod": "38.11.03"
  },
  {
    "kod": "38.12"
  },
  {
    "kod": "38.12.01"
  },
  {
    "kod": "38.2"
  },
  {
    "kod": "38.21"
  },
  {
    "kod": "38.21.02"
  },
  {
    "kod": "38.21.03"
  },
  {
    "kod": "38.21.04"
  },
  {
    "kod": "38.21.05"
  },
  {
    "kod": "38.22"
  },
  {
    "kod": "38.22.00"
  },
  {
    "kod": "38.23"
  },
  {
    "kod": "38.23.00"
  },
  {
    "kod": "38.3"
  },
  {
    "kod": "38.31"
  },
  {
    "kod": "38.31.00"
  },
  {
    "kod": "38.32"
  },
  {
    "kod": "38.32.03"
  },
  {
    "kod": "38.32.04"
  },
  {
    "kod": "38.32.05"
  },
  {
    "kod": "38.33"
  },
  {
    "kod": "38.33.00"
  },
  {
    "kod": "49.1"
  },
  {
    "kod": "49.11"
  },
  {
    "kod": "49.11.00"
  },
  {
    "kod": "49.12"
  },
  {
    "kod": "49.12.00"
  },
  {
    "kod": "49.2"
  },
  {
    "kod": "49.20"
  },
  {
    "kod": "49.20.01"
  },
  {
    "kod": "49.5"
  },
  {
    "kod": "49.50"
  },
  {
    "kod": "49.50.01"
  },
  {
    "kod": "49.50.03"
  },
  {
    "kod": "49.50.04"
  },
  {
    "kod": "49.50.90"
  },
  {
    "kod": "50.10.13"
  },
  {
    "kod": "50.10.16"
  },
  {
    "kod": "50.2"
  },
  {
    "kod": "50.20"
  },
  {
    "kod": "50.20.17"
  },
  {
    "kod": "50.20.18"
  },
  {
    "kod": "50.20.19"
  },
  {
    "kod": "50.20.20"
  },
  {
    "kod": "50.20.21"
  },
  {
    "kod": "50.20.23"
  },
  {
    "kod": "50.20.24"
  },
  {
    "kod": "50.20.25"
  },
  {
    "kod": "50.20.26"
  },
  {
    "kod": "50.20.27"
  },
  {
    "kod": "50.20.28"
  },
  {
    "kod": "50.20.29"
  },
  {
    "kod": "50.20.30"
  },
  {
    "kod": "50.20.90"
  },
  {
    "kod": "50.20.91"
  },
  {
    "kod": "50.3"
  },
  {
    "kod": "50.30"
  },
  {
    "kod": "50.30.09"
  },
  {
    "kod": "50.4"
  },
  {
    "kod": "50.40"
  },
  {
    "kod": "50.40.05"
  },
  {
    "kod": "50.40.08"
  },
  {
    "kod": "51"
  },
  {
    "kod": "51.1"
  },
  {
    "kod": "51.10"
  },
  {
    "kod": "51.10.01"
  },
  {
    "kod": "51.2"
  },
  {
    "kod": "51.21"
  },
  {
    "kod": "51.21.17"
  },
  {
    "kod": "51.22"
  },
  {
    "kod": "51.22.02"
  },
  {
    "kod": "52"
  },
  {
    "kod": "52.1"
  },
  {
    "kod": "52.10"
  },
  {
    "kod": "52.10.02"
  },
  {
    "kod": "52.10.03"
  },
  {
    "kod": "52.10.04"
  },
  {
    "kod": "52.22.06"
  },
  {
    "kod": "52.22.08"
  },
  {
    "kod": "52.23.03"
  },
  {
    "kod": "52.23.04"
  },
  {
    "kod": "52.24"
  },
  {
    "kod": "52.24.08"
  },
  {
    "kod": "52.24.09"
  },
  {
    "kod": "52.24.10"
  },
  {
    "kod": "52.24.11"
  },
  {
    "kod": "52.24.90"
  },
  {
    "kod": "55"
  },
  {
    "kod": "55.1"
  },
  {
    "kod": "55.10"
  },
  {
    "kod": "55.10.02"
  },
  {
    "kod": "55.10.05"
  },
  {
    "kod": "55.2"
  },
  {
    "kod": "55.20"
  },
  {
    "kod": "55.20.01"
  },
  {
    "kod": "55.20.03"
  },
  {
    "kod": "55.20.04"
  },
  {
    "kod": "55.3"
  },
  {
    "kod": "55.30"
  },
  {
    "kod": "55.30.36"
  },
  {
    "kod": "55.4"
  },
  {
    "kod": "55.40"
  },
  {
    "kod": "55.40.00"
  },
  {
    "kod": "55.9"
  },
  {
    "kod": "55.90"
  },
  {
    "kod": "55.90.01"
  },
  {
    "kod": "62.1"
  },
  {
    "kod": "62.10"
  },
  {
    "kod": "62.10.00"
  },
  {
    "kod": "62.2"
  },
  {
    "kod": "62.20"
  },
  {
    "kod": "62.20.00"
  },
  {
    "kod": "62.9"
  },
  {
    "kod": "62.90"
  },
  {
    "kod": "62.90.01"
  },
  {
    "kod": "62.90.99"
  },
  {
    "kod": "63"
  },
  {
    "kod": "63.1"
  },
  {
    "kod": "63.10"
  },
  {
    "kod": "63.10.00"
  },
  {
    "kod": "63.9"
  },
  {
    "kod": "63.91"
  },
  {
    "kod": "63.91.02"
  },
  {
    "kod": "63.92"
  },
  {
    "kod": "63.92.00"
  },
  {
    "kod": "71.2"
  },
  {
    "kod": "71.20"
  },
  {
    "kod": "71.20.05"
  },
  {
    "kod": "71.20.07"
  },
  {
    "kod": "71.20.08"
  },
  {
    "kod": "71.20.09"
  },
  {
    "kod": "71.20.10"
  },
  {
    "kod": "71.20.11"
  },
  {
    "kod": "71.20.12"
  },
  {
    "kod": "71.20.13"
  },
  {
    "kod": "71.20.14"
  },
  {
    "kod": "71.20.90"
  },
  {
    "kod": "72"
  },
  {
    "kod": "72.1"
  },
  {
    "kod": "72.10"
  },
  {
    "kod": "72.10.01"
  },
  {
    "kod": "72.10.02"
  },
  {
    "kod": "75.00.02"
  },
  {
    "kod": "82.2"
  },
  {
    "kod": "82.20"
  },
  {
    "kod": "82.20.01"
  },
  {
    "kod": "85"
  },
  {
    "kod": "85.1"
  },
  {
    "kod": "85.10"
  },
  {
    "kod": "85.10.01"
  },
  {
    "kod": "85.10.02"
  },
  {
    "kod": "85.2"
  },
  {
    "kod": "85.20"
  },
  {
    "kod": "85.20.06"
  },
  {
    "kod": "85.20.07"
  },
  {
    "kod": "85.20.08"
  },
  {
    "kod": "85.20.09"
  },
  {
    "kod": "85.3"
  },
  {
    "kod": "85.31"
  },
  {
    "kod": "85.31.12"
  },
  {
    "kod": "85.31.13"
  },
  {
    "kod": "85.31.14"
  },
  {
    "kod": "85.31.16"
  },
  {
    "kod": "85.32"
  },
  {
    "kod": "85.32.10"
  },
  {
    "kod": "85.32.11"
  },
  {
    "kod": "85.32.12"
  },
  {
    "kod": "85.32.13"
  },
  {
    "kod": "86.1"
  },
  {
    "kod": "86.10"
  },
  {
    "kod": "86.10.04"
  },
  {
    "kod": "86.10.05"
  },
  {
    "kod": "86.10.12"
  },
  {
    "kod": "86.10.13"
  },
  {
    "kod": "87"
  },
  {
    "kod": "87.1"
  },
  {
    "kod": "87.10"
  },
  {
    "kod": "87.10.01"
  },
  {
    "kod": "87.2"
  },
  {
    "kod": "87.20"
  },
  {
    "kod": "87.20.02"
  },
  {
    "kod": "87.3"
  },
  {
    "kod": "87.30"
  },
  {
    "kod": "87.30.02"
  },
  {
    "kod": "88.91"
  },
  {
    "kod": "88.91.01"
  }
]