{
  "Ankara": 1,
  "Antalya": 1,
  "Bursa": 1,
  "Eskişehir": 1,
  "İstanbul": 1,
  "İzmir": 1,
  "Kocaeli": 1,
  "Muğla": 1,
  "Aydın": 2,
  "Balıkesir": 2,
  "Bolu": 2,
  "Çanakkale": 2,
  "Denizli": 2,
  "Edirne": 2,
  "Kayseri": 2,
  "Konya": 2,
  "Manisa": 2,
  "Mersin": 2,
  "Sakarya": 2,
  "Tekirdağ": 2,
  "Yalova": 2,
  "Adana": 3,
  "Bilecik": 3,
  "Burdur": 3,
  "Düzce": 3,
  "Gaziantep": 3,
  "Isparta": 3,
  "Karabük": 3,
  "Karaman": 3,
  "Kırıkkale": 3,
  "Kırklareli": 3,
  "Kütahya": 3,
  "Nevşehir": 3,
  "Rize": 3,
  "Samsun": 3,
  "Trabzon": 3,
  "Uşak": 3,
  "Zonguldak": 3,
  "Afyonkarahisar": 4,
  "Aksaray": 4,
  "Amasya": 4,
  "Artvin": 4,
  "Çorum": 4,
  "Elazığ": 4,
  "Erzincan": 4,
  "Kastamonu": 4,
  "Kırşehir": 4,
  "Malatya": 4,
  "Sivas": 4,
  "Bartın": 5,
  "Bayburt": 5,
  "Çankırı": 5,
  "Erzurum": 5,
  "Giresun": 5,
  "Hatay": 5,
  "Kahramanmaraş": 5,
  "Kilis": 5,
  "Niğde": 5,
  "Ordu": 5,
  "Osmaniye": 5,
  "Sinop": 5,
  "Tokat": 5,
  "Tunceli": 5,
  "Yozgat": 5,
  "Adıyaman": 6,
  "Ağrı": 6,
  "Ardahan": 6,
  "Batman": 6,
  "Bingöl": 6,
  "Bitlis": 6,
  "Diyarbakır": 6,
  "Gümüşhane": 6,
  "Hakkâri": 6,
  "Iğdır": 6,
  "Kars": 6,
  "Mardin": 6,
  "Muş": 6,
  "Siirt": 6,
  "Şanlıurfa": 6,
  "Şırnak": 6,
  "Van": 6
}