[
  {
    "kod": "onc.2",
    "aciklama": "Teknoloji Hamlesi Programı kapsamında yayımlanan öncelikli ürün listesinde belirtilen yüksek teknolojili ürünlerin üretimine yönelik yatırımlar ile asgari 500 milyon TL tutarındaki yüksek teknolojili ürünlerin üretimine yönelik yatırımlar."
  },
  {
    "kod": "onc.3",
    "aciklama": "İstanbul ilinde gerçekleştirilecek olan yatırımlar hariç olmak üzere; Teknoloji Hamlesi Programı kapsamında yayımlanan öncelikli ürün listesinde belirtilen orta yüksek teknolojili ürünlerin üretimine yönelik yatırımlar ile asgari 1 milyar TL tutarındaki orta yüksek teknolojili ürünlerin üretimine yönelik yatırımlar."
  },
  {
    "kod": "onc.4",
    "aciklama": "Müteharrik karakterli yatırımlar hariç olmak üzere; 6 ncı bölgede yapılan yatırımlar, geçici 3 üncü ve geçici 4 üncü maddeler kapsamında değerlendirilen yatırımlar."
  },
  {
    "kod": "onc.5",
    "aciklama": "Savunma Sanayii Başkanlığından alınacak proje onayına istinaden gerçekleştirilecek savunma alanındaki yatırımlar."
  },
  {
    "kod": "onc.6",
    "aciklama": "imalat sanayii işletmelerinin öz tüketimine yönelik olarak gerçekleştirilecek enerji üretimi faaliyeti kapsamında bağlantı anlaşmasındaki sözleşme gücü ile sınırlı olmak kaydıyla, güneş enerjisine dayalı elektrik üretim tesisi yatırımları ile rüzgâr enerjisine dayalı elektrik üretim tesisi yatırımları."
  },
  {
    "kod": "onc.7",
    "aciklama": "Enerji ve Tabii Kaynaklar Bakanlığı tarafından düzenlenen geçerli bir maden işletme ruhsatı ve izni kapsamında 4/6/1985 tarihli ve 3213 sayılı Maden Kanununun 2 nci maddesinin 4- b grubunda yer alan madenlerin girdi olarak kullanıldığı elektrik üretimi yatırımları."
  },
  {
    "kod": "onc.8",
    "aciklama": "Nükleer enerji santrali yatırımları."
  },
  {
    "kod": "onc.9",
    "aciklama": "Asgari 500 milyon TL tutarındaki, sıvılaştırılmış doğal gaz (LNG) yatırımları ve yer altı doğal gaz depolama yatırımları."
  },
  {
    "kod": "onc.10",
    "aciklama": "Maden istihraç yatırımları ve/veya maden işleme yatırımları."
  },
  {
    "kod": "onc.11",
    "aciklama": "3213 sayılı Kanuna istinaden düzenlenmiş geçerli arama ruhsatı veya sertifikasına sahip yatırımcıların ruhsatlı sahalarında yapacağı maden arama yatırımları."
  },
  {
    "kod": "onc.12",
    "aciklama": "Ar-Ge yatırımları."
  },
  {
    "kod": "onc.13",
    "aciklama": "Ar-Ge merkezi veya tasarım merkezlerinde yürütülen Ar-Ge veya tasarım projeleri ile ilişkili İstanbul ili dışındaki yatırımlar."
  },
  {
    "kod": "onc.14",
    "aciklama": "Teknolojik Ürün Deneyim Belgesi düzenlenmiş ürünlerin üretimine yönelik yatırımlar."
  },
  {
    "kod": "onc.15",
    "aciklama": "Orta yüksek teknolojili ve yüksek teknolojili ürünlere yönelik test merkezi yatırımları ile ihracatçı birliklerinin dış ticareti desteklemek amacıyla yapacakları test merkezi yatırımları."
  },
  {
    "kod": "onc.16",
    "aciklama": "Asgari yatırım tutarı şartı aranmaksızın ihtisas serbest bölgelerinde gerçekleştirilecek yazılım ve bilişim ürünleri üretimi yatırımları."
  },
  {
    "kod": "onc.17",
    "aciklama": "Tebliğ ile belirlenecek teknik şart ve standartları karşılayan ve asgari 3 megavat kurulu güç şartını sağlayan veri merkezi yatırımları."
  },
  {
    "kod": "onc.18",
    "aciklama": "Tebliğ ile belirlenecek teknik şart ve standartlara göre hizmet veren veri merkezlerinde bulut hizmeti sağlayıcıları tarafından yapılacak asgari 200 milyon TL tutarındaki yatırımlar."
  },
  {
    "kod": "onc.19",
    "aciklama": "Çevre İzin ve Lisans Yönetmeliği kapsamında çevre lisansına tabi yatırımlar."
  },
  {
    "kod": "onc.20",
    "aciklama": "Demiryolu, denizyolu veya havayolu ile taşımacılık yatırımları."
  },
  {
    "kod": "onc.21",
    "aciklama": "Yük taşımacılığına yönelik liman yatırımları (yat limanı ve marina hariç)."
  },
  {
    "kod": "onc.22",
    "aciklama": "Kültür ve turizm koruma ve gelişim bölgelerinde, turizm merkezlerinde, Kültür ve Turizm Bakanlığının bağlı/ilgili alan başkanlıkları sınırları içerisinde veya termal turizm konusundaki turizm konaklama yatırımları."
  },
  {
    "kod": "onc.23",
    "aciklama": "Özel sektör tarafından gerçekleştirilecek olan, kreş ve gündüz bakım evleri, okul öncesi eğitim, ilkokul, ortaokul ve lise eğitim yatırımları ile hava araçlarının kullanım, tamir ve bakımına yönelik eğitim yatırımları."
  },
  {
    "kod": "onc.24",
    "aciklama": "Asgari 100 kişi ve üzeri kapasiteli yaşlı ve/veya engelli bakım merkezleri."
  },
  {
    "kod": "onc.25",
    "aciklama": "Lisanslı depoculuk yatırımları."
  },
  {
    "kod": "onc.26",
    "aciklama": "25 dekar ve üzeri yurtiçinde üretilen sera teknolojilerini ihtiva eden otomasyona dayalı (bilgisayar kontrollü iklimlendirme, sulama, gübreleme ve ilaçlama sistemi ihtiva eden) topraksız sera yatırımları."
  },
  {
    "kod": "onc.27",
    "aciklama": "Sanayi sicil belgesine sahip mevcut tesislerde yapılacak deprem veya yangın riskine karşı yapılan yatırımlar."
  },
  {
    "kod": "onc.28",
    "aciklama": "Sanayi Genel Müdürlüğünden alınacak uygunluk yazısına istinaden gerçekleştirilecek afet teknolojileri alanındaki yatırımlar."
  }
]