{
  "a": "Dijital/Yeşil Dönüşüm Programı kapsamındaki yatırımlar",
  "b": "Yüksek teknolojili ürün üretimi yatırımları",
  "c": "Orta-yüksek teknolojili ürün üretimi yatırımları",
  "ç": "6. bölge yatırımları",
  "d": "Savunma sanayii yatırımları",
  "e": "Güneş/Rüzgar enerjisi elektrik üretim tesisi yatırımları",
  "f": "Maden girdili elektrik üretimi yatırımları",
  "g": "Nükleer enerji santrali yatırımları",
  "ğ": "LNG ve yer altı doğal gaz depolama yatırımları",
  "h": "Maden istihraç ve/veya işleme yatırımları",
  "ı": "Maden arama yatırımları",
  "i": "Ar-Ge yatırımları",
  "j": "Ar-Ge/Tasarım projesi ilişkili yatırımlar",
  "k": "Teknolojik Ürün Deneyim Belgeli ürün üretimi yatırımları",
  "l": "Test merkezi yatırımları",
  "m": "İhtisas serbest bölgelerinde yazılım/bilişim yatırımları",
  "n": "Veri merkezi yatırımları",
  "o": "Bulut hizmeti sağlayıcı yatırımları",
  "ö": "Çevre lisansına tabi yatırımlar",
  "p": "Demiryolu, denizyolu veya havayolu taşımacılık yatırımları",
  "r": "Yük taşımacılığına yönelik liman yatırımları",
  "s": "Turizm konaklama yatırımları",
  "ş": "Özel sektör eğitim yatırımları",
  "t": "Yaşlı/engelli bakım merkezi yatırımları",
  "u": "Lisanslı depoculuk yatırımları",
  "ü": "Otomasyona dayalı topraksız sera yatırımları",
  "v": "Deprem/yangın riskine karşı yapılan yatırımlar",
  "y": "Afet teknolojileri alanındaki yatırımlar"
}
